{"_uid":"d8eed789-d1dd-187a-b6a1","_descriptor":"","_environment":"venice_sunrise.hdre","_environment_set":{"name":"Venice","path":"textures/hdre/venice_sunrise.hdre"},"_blur_samplesblur_samples":4096,"_background_color":[0.20000000298023224,0.20000000298023224,0.20000000298023224,1],"selected_radius":1,"controller":{"camera":"{\"type\":1,\"_position\":[3.923778533935547,1.319753646850586,3.7610435485839844],\"_target\":[0,0,0],\"_up\":[0,1,0],\"near\":0.35,\"far\":10000,\"aspect\":1.718052738336714,\"fov\":45,\"frustum_size\":50,\"flip_y\":false,\"_view_matrix\":[0.691977858543396,-0.17034341394901276,0.701533854007721,0,0,0.9717629551887512,0.2359592616558075,0,-0.7219187617301941,-0.16327857971191406,0.6724384427070618,0,4.440892098500626e-16,1.1102230246251565e-16,-5.593142032623291,1],\"_projection_matrix\":[1.4052034616470337,0,0,0,0,2.4142136573791504,0,0,0,0,-1.0000699758529663,-1,0,0,-0.7000244855880737,0],\"_viewprojection_matrix\":[0.9723696708679199,-0.4112454056739807,-0.7015829682350159,-0.701533854007721,0,2.346043348312378,-0.23597577214241028,-0.2359592616558075,-1.014442801475525,-0.39418938755989075,-0.6724854707717896,-0.6724384427070618,6.24035694961404e-16,2.6803155887868417e-16,4.8935089111328125,5.593142032623291],\"_model_matrix\":[0.691977858543396,8.699072573392641e-9,-0.7219187021255493,0,-0.17034341394901276,0.9717629551887512,-0.16327857971191406,0,0.7015339136123657,0.2359592616558075,0.6724384427070618,0,3.923778772354126,1.319753646850586,3.7610435485839844,1],\"_autoupdate_matrices\":true,\"_must_update_matrix\":false,\"_top\":[-0.17034341394901276,0.9717629551887512,-0.16327857971191406],\"_right\":[0.691977858543396,8.699072573392641e-9,-0.7219187021255493],\"_front\":[-0.7015339136123657,-0.2359592616558075,-0.6724384427070618],\"distance\":5.593141893971046,\"_planes_data\":[-0.970546543598175,-0.13681162893772125,0.1982976645231247,3.2429616451263428,0.15703338384628296,-0.13681159913539886,-0.9780710935592651,3.2429611682891846,-0.42584216594696045,0.8074941635131836,-0.4081808030605316,2.1404027938842773,-0.1110885739326477,-0.9880896210670471,-0.10648129880428314,2.1404027938842773,0.7018866539001465,0.23594976961612701,0.6720735430717468,9998.3896484375,-0.701533854007721,-0.2359592616558075,-0.6724384427070618,5.2431416511535645],\"_frustrum_planes\":[[-0.970546543598175,-0.13681162893772125,0.1982976645231247,3.2429616451263428],[0.15703338384628296,-0.13681159913539886,-0.9780710935592651,3.2429611682891846],[-0.42584216594696045,0.8074941635131836,-0.4081808030605316,2.1404027938842773],[-0.1110885739326477,-0.9880896210670471,-0.10648129880428314,2.1404027938842773],[0.7018866539001465,0.23594976961612701,0.6720735430717468,9998.3896484375],[-0.701533854007721,-0.2359592616558075,-0.6724384427070618,5.2431416511535645]]}","m_speed":0.25,"w_speed":0.5},"uniforms":{"u_view":[0.691977858543396,-0.17034341394901276,0.701533854007721,0,0,0.9717629551887512,0.2359592616558075,0,-0.7219187617301941,-0.16327857971191406,0.6724384427070618,0,4.440892098500626e-16,1.1102230246251565e-16,-5.593142032623291,1],"u_viewprojection":[0.9723696708679199,-0.4112454056739807,-0.7015829682350159,-0.701533854007721,0,2.346043348312378,-0.23597577214241028,-0.2359592616558075,-1.014442801475525,-0.39418938755989075,-0.6724854707717896,-0.6724384427070618,6.24035694961404e-16,2.6803155887868417e-16,4.8935089111328125,5.593142032623291],"u_model":[1,0,0,0,0,1,0,0,0,0,1,0,0,0,0,1],"u_mvp":[0.9723696708679199,-0.4112454056739807,-0.7015829682350159,-0.701533854007721,0,2.346043348312378,-0.23597577214241028,-0.2359592616558075,-1.014442801475525,-0.39418938755989075,-0.6724854707717896,-0.6724384427070618,6.24035694961404e-16,2.6803155887868417e-16,4.8935089111328125,5.593142032623291],"u_global_alpha_clip":0,"u_near":0.35,"u_far":10000,"u_rotation":0,"u_exposure":0,"u_offset":0,"u_channel":0,"u_enable_ao":true,"u_correctAlbedo":true,"u_ibl_intensity":1,"u_albedo":[1,1,1],"u_radius":16,"u_enableSSAO":true,"u_outputChannel":0,"u_SunPos":0.4,"u_SunIntensity":22,"u_MieDirection":0.76,"u_originOffset":0,"u_MieCoeff":21,"u_kernel":[-0.050331227481365204,0.0636133998632431,0.058481644839048386,-0.03650229051709175,-0.04974738880991936,0.07897324115037918,-0.03037412278354168,0.08486019819974899,0.04530688002705574,0.08836476504802704,-0.04954122006893158,0.011694214306771755,0.06819288432598114,-0.05650433525443077,0.05359547212719917,0.01282444316893816,-0.08342603594064713,0.0632806271314621,0.0658019483089447,-0.07340888679027557,0.04388440027832985,-0.09536901116371155,-0.003609615610912442,0.05622244253754616,-0.09299848973751068,0.05736486613750458,0.032723188400268555,-0.10479425638914108,0.0006985887885093689,0.05379599705338478,-0.040601696819067,-0.09017685055732727,0.07139304280281067,-0.07336346805095673,0.06472288817167282,0.08033054322004318,-0.04550880566239357,-0.05922938883304596,0.10839779675006866,-0.08955778926610947,0.1023731455206871,0.017458995804190636,0.07602368295192719,0.026908231899142265,0.11817082017660141,-0.09488578140735626,-0.023592768236994743,0.11301296204328537,-0.06902074068784714,-0.030009066686034203,0.13692939281463623,0.10039243847131729,0.07795275747776031,0.10284598171710968,0.12245392799377441,0.03129853680729866,0.115463986992836,-0.10697806626558304,0.12972326576709747,0.06231929361820221,-0.014281686395406723,0.16678132116794586,0.0853399857878685,0.03785806521773338,0.19180889427661896,0.02335580810904503,0.11888884752988815,0.10921403020620346,0.12851884961128235,-0.053526297211647034,0.1855640411376953,0.09725557267665863,0.152897909283638,0.044314976781606674,0.16121098399162292,-0.11897731572389603,-0.15206113457679749,0.13801054656505585,0.22336167097091675,0.08311445266008377,0.07050727307796478,-0.14605069160461426,0.21336737275123596,0.028940286487340927,0.1541902869939804,0.0965677946805954,0.20255514979362488,-0.20711292326450348,-0.19424636662006378,0.021862095221877098,0.10039381682872772,-0.15211831033229828,0.2354537844657898,-0.20980510115623474,0.206051304936409,0.1017029657959938,0.19810128211975098,0.2369648814201355,0.10113620012998581,0.09816710650920868,-0.3196128010749817,0.05764813348650932,-0.2645488679409027,-0.02004285342991352,0.23437349498271942,-0.08403840661048889,0.3579218089580536,0.03335189074277878,0.342011034488678,-0.012473567388951778,0.1758335828781128,-0.30503901839256287,0.12796804308891296,0.2263195812702179,-0.286945641040802,0.27108049392700195,0.13529399037361145,0.15294495224952698,0.40612921118736267,0.014145865105092525,-0.057506222277879715,-0.30829158425331116,0.3248969316482544,0.3423258066177368,-0.1696559637784958,0.27263352274894714,-0.2810972034931183,-0.17028018832206726,0.3601951003074646,-0.3607657551765442,-0.117865189909935,0.33506664633750916,0.4237534701824188,0.25709763169288635,0.17426735162734985,0.003502928651869297,0.19123438000679016,0.5102779865264893,0.06094291806221008,-0.05868097394704819,0.5585707426071167,0.18501831591129303,-0.5072267055511475,0.22617323696613312,-0.4681243896484375,0.1244475468993187,0.3645702004432678,-0.41367000341415405,0.42561033368110657,0.20388458669185638,-0.09676854312419891,0.4781002998352051,0.42856478691101074,-0.43918317556381226,-0.431115984916687,0.2686655521392822,-0.2387046366930008,-0.521376371383667,0.39117512106895447,0.6178014874458313,-0.1634543091058731,0.32557177543640137,0.010063787922263145,0.37528806924819946,0.6385355591773987,0.3712836802005768,0.12892818450927734,0.6559348106384277,0.3617175817489624,-0.42110320925712585,0.5607602596282959,0.5554567575454712,0.17300376296043396,0.5691722631454468,-0.036741871386766434,-0.012184979394078255,0.8382668495178223,-0.15479238331317902,0.7243256568908691,0.4465295076370239,-0.5310376286506653,0.5947771072387695,0.39767831563949585,0.6713845133781433,-0.5377318263053894,0.31950223445892334,-0.28729307651519775,0.6527182459831238,0.6194718480110168,-0.742588460445404,-0.6265617609024048,0.030835982412099838],