{"uid":"b380aadb-ee69-14d1-0af1","e":"Japan_alley.hdre","blur_samples":4096,"selected_radius":1,"background":[0.20000000298023224,0.20000000298023224,0.20000000298023224,1],"controller":{"eye":[-2.8251471519470215,0.5743550062179565,4.380267143249512],"target":[0,0,0],"far":10000,"near":0.35,"m_speed":0.25,"w_speed":0.05},"descriptor":"","uniforms":{"u_view":[0.8403693437576294,0.05936628580093384,-0.5387532114982605,0,0,0.9939836263656616,0.1095290258526802,0,0.5420141816139221,-0.09204483032226562,0.8353133201599121,0,0,-5.551115123125783e-17,-5.243861198425293,1],"u_viewprojection":[1.0428088903427124,0.1433228999376297,0.5387908816337585,0.5387532114982605,0,2.399688959121704,-0.10953669250011444,-0.1095290258526802,0.6725818514823914,-0.22221589088439941,-0.8353717923164368,-0.8353133201599121,0,-1.3401577943934209e-16,4.544203758239746,5.243861198425293],"u_model":[1,0,0,0,0,1,0,0,0,0,1,0,-2,0,0,1],"u_mvp":[1.0428088903427124,0.1433228999376297,0.5387908816337585,0.5387532114982605,0,2.399688959121704,-0.10953669250011444,-0.1095290258526802,0.6725818514823914,-0.22221589088439941,-0.8353717923164368,-0.8353133201599121,-2.085617780685425,-0.2866457998752594,3.4666218757629395,4.166354656219482],"u_global_alpha_clip":0,"u_near":0.35,"u_far":10000,"u_rotation":0,"u_exposure":0,"u_offset":0,"u_channel":0,"u_enable_ao":true,"u_correctAlbedo":true,"u_ibl_intensity":1,"u_albedo":[1,1,1],"u_SunPos":0.4,"u_SunIntensity":22,"u_MieDirection":0.76,"u_originOffset":0,"u_MieCoeff":21,"u_light_position":[1,5,1],"u_light_color":[1,1,1],"u_light_intensity":0,"u_viewport":[0,0,1572,808],"u_camera_position":[-2.8251471519470215,0.5743550062179565,4.380267143249512],"u_time":192.6700000000128},"components":{"ScreenFX":{"_exposure":0,"_offset":0,"glow_enable":false,"glow_intensity":1,"glow_threshold":25,"glow_iterations":8,"fxaa":true,"tonemapping":"Reinhard"},"Light":{"_position":[1,5,1],"_color":[1,1,1],"_intensity":0}},"hasLight":false,"nodes":["{\"_uid\":7,\"_id\":null,\"_position\":[0,0,0],\"_rotation\":[0,0,0,1],\"_scale\":[1,1,1],\"_local_matrix\":[1,0,0,0,0,1,0,0,0,0,1,0,0,0,0,1],\"_global_matrix\":[1,0,0,0,0,1,0,0,0,0,1,0,0,0,0,1],\"_must_update_matrix\":false,\"_bounding_box\":null,\"render_priority\":30,\"blend_mode\":0,\"layers\":3,\"_color\":[1,1,1,1],\"_uniforms\":{\"u_color\":[1,1,1,1],\"u_color_texture\":0},\"primitive\":4,\"draw_range\":null,\"onRender\":null,\"onShaderUniforms\":null,\"shader\":\"skybox\",\"mesh\":\"cube\",\"textures\":{},\"flags\":{\"visible\":true,\"collides\":true,\"depth_test\":false,\"flip_normals\":true},\"children\":[],\"name\":\"cubemap\"}","{\"_uid\":8,\"_id\":null,\"_position\":[0,0,0],\"_rotation\":[0,0,0,1],\"_scale\":[1,1,1],\"_local_matrix\":[1,0,0,0,0,1,0,0,0,0,1,0,0,0,0,1],\"_global_matrix\":[1,0,0,0,0,1,0,0,0,0,1,0,0,0,0,1],\"_must_update_matrix\":false,\"_bounding_box\":null,\"render_priority\":30,\"blend_mode\":0,\"layers\":3,\"_color\":[1,1,1,1],\"_uniforms\":{\"u_color\":[1,1,1,1],\"u_color_texture\":0},\"primitive\":4,\"draw_range\":null,\"onRender\":null,\"onShaderUniforms\":null,\"shader\":\"skybox\",\"mesh\":\"cube\",\"textures\":{\"brdf\":\"_brdf_integrator\",\"env\":\"Japan_alley.hdre\",\"env_1\":\"_prem_0_Japan_alley.hdre\",\"env_2\":\"_prem_1_Japan_alley.hdre\",\"env_3\":\"_prem_2_Japan_alley.hdre\",\"env_4\":\"_prem_3_Japan_alley.hdre\",\"env_5\":\"_prem_4_Japan_alley.hdre\",\"color\":\"Japan_alley.hdre\"},\"flags\":{\"visible\":true,\"collides\":true,\"depth_test\":false,\"flip_normals\":true},\"children\":[],\"name\":\"cubemap\"}","{\"_uid\":9,\"_id\":null,\"_position\":[0,0,0],\"_rotation\":[0,0,0,1],\"_scale\":[1,1,1],\"_local_matrix\":[1,0,0,0,0,1,0,0,0,0,1,0,0,0,0,1],\"_global_matrix\":[1,0,0,0,0,1,0,0,0,0,1,0,0,0,0,1],\"_must_update_matrix\":false,\"_bounding_box\":null,\"render_priority\":20,\"blend_mode\":0,\"layers\":3,\"_color\":[1,1,1,1],\"_uniforms\":{\"u_color\":[1,1,1,1],\"u_color_texture\":0,\"u_roughness\":0.2,\"u_metalness\":0,\"u_isEmissive\":false,\"u_hasAlpha\":false,\"u_hasAO\":false,\"u_hasBump\":false,\"u_brdf_texture\":0,\"u_env_texture\":1,\"u_env_1_texture\":2,\"u_env_2_texture\":3,\"u_env_3_texture\":4,\"u_env_4_texture\":5,\"u_env_5_texture\":6,\"u_albedo\":[0.0392156862745098,0.6784313725490196,1]},\"primitive\":4,\"draw_range\":null,\"onRender\":null,\"onShaderUniforms\":null,\"shader\":\"pbr\",\"mesh\":\"sphere\",\"textures\":{\"brdf\":\"_brdf_integrator\",\"env\":\"Japan_alley.hdre\",\"env_1\":\"_prem_0_Japan_alley.hdre\",\"env_2\":\"_prem_1_Japan_alley.hdre\",\"env_3\":\"_prem_2_Japan_alley.hdre\",\"env_4\":\"_prem_3_Japan_alley.hdre\",\"env_5\":\"_prem_4_Japan_alley.hdre\"},\"flags\":{\"visible\":true,\"collides\":true},\"children\":[],\"name\":\"node-28ae-fe97\",\"rots\":[0,0,0]}","{\"_uid\":10,\"_id\":null,\"_position\":[0,0,0],\"_rotation\":[0,0,0,1],\"_scale\":[1,1,1],\"_local_matrix\":[1,0,0,0,0,1,0,0,0,0,1,0,0,0,0,1],\"_global_matrix\":[1,0,0,0,0,1,0,0,0,0,1,0,0,0,0,1],\"_must_update_matrix\":false,\"_bounding_box\":null,\"render_priority\":20,\"blend_mode\":0,\"layers\":3,\"_color\":[1,1,1,1],\"_uniforms\":{\"u_color\":[1,1,1,1],\"u_color_texture\":0},\"primitive\":1,\"draw_range\":null,\"onRender\":null,\"onShaderUniforms\":null,\"shader\":null,\"mesh\":\"lines\",\"textures\":{\"brdf\":\"_brdf_integrator\",\"env\":\"Japan_alley.hdre\",\"env_1\":\"_prem_0_Japan_alley.hdre\",\"env_2\":\"_prem_1_Japan_alley.hdre\",\"env_3\":\"_prem_2_Japan_alley.hdre\",\"env_4\":\"_prem_3_Japan_alley.hdre\",\"env_5\":\"_prem_4_Japan_alley.hdre\"},\"flags\":{\"visible\":true,\"collides\":true,\"ignore_collisions\":true},\"children\":[],\"name\":\"lines\"}","{\"_uid\":11,\"_id\":null,\"_position\":[0,0,0],\"_rotation\":[0,0,0,1],\"_scale\":[1,1,1],\"_local_matrix\":[1,0,0,0,0,1,0,0,0,0,1,0,0,0,0,1],\"_global_matrix\":[1,0,0,0,0,1,0,0,0,0,1,0,0,0,0,1],\"_must_update_matrix\":false,\"_bounding_box\":null,\"render_priority\":20,\"blend_mode\":0,\"layers\":3,\"_color\":[1,1,1,1],\"_uniforms\":{\"u_color\":[1,1,1,1],\"u_color_texture\":0,\"u_roughness\":0.4,\"u_metalness\":0,\"u_isEmissive\":false,\"u_hasAlpha\":false,\"u_hasAO\":false,\"u_hasBump\":false,\"u_brdf_texture\":0,\"u_env_texture\":1,\"u_env_1_texture\":2,\"u_env_2_texture\":3,\"u_env_3_texture\":4,\"u_env_4_texture\":5,\"u_env_5_texture\":6,\"u_albedo\":[0.0392156862745098,0.6784313725490196,1]},\"primitive\":4,\"draw_range\":null,\"onRender\":null,\"onShaderUniforms\":null,\"shader\":\"pbr\",\"mesh\":\"sphere\",\"textures\":{\"brdf\":\"_brdf_integrator\",\"env\":\"Japan_alley.hdre\",\"env_1\":\"_prem_0_Japan_alley.hdre\",\"env_2\":\"_prem_1_Japan_alley.hdre\",\"env_3\":\"_prem_2_Japan_alley.hdre\",\"env_4\":\"_prem_3_Japan_alley.hdre\",\"env_5\":\"_prem_4_Japan_alley.hdre\"},\"flags\":{\"visible\":true,\"collides\":true},\"children\":[],\"name\":\"node-a4fe-3996\",\"rots\":[0,0,0]}","{\"_uid\":12,\"_id\":null,\"_position\":[0,0,0],\"_rotation\":[0,0,0,1],\"_scale\":[1,1,1],\"_local_matrix\":[1,0,0,0,0,1,0,0,0,0,1,0,0,0,0,1],\"_global_matrix\":[1,0,0,0,0,1,0,0,0,0,1,0,0,0,0,1],\"_must_update_matrix\":false,\"_bounding_box\":null,\"render_priority\":20,\"blend_mode\":0,\"layers\":3,\"_color\":[1,1,1,1],\"_uniforms\":{\"u_color\":[1,1,1,1],\"u_color_texture\":0,\"u_roughness\":0,\"u_metalness\":0,\"u_isEmissive\":false,\"u_hasAlpha\":false,\"u_hasAO\":false,\"u_hasBump\":false,\"u_brdf_texture\":0,\"u_env_texture\":1,\"u_env_1_texture\":2,\"u_env_2_texture\":3,\"u_env_3_texture\":4,\"u_env_4_texture\":5,\"u_env_5_texture\":6,\"u_albedo\":[0.0392156862745098,0.6784313725490196,1]},\"primitive\":4,\"draw_range\":null,\"onRender\":null,\"onShaderUniforms\":null,\"shader\":\"pbr\",\"mesh\":\"sphere\",\"textures\":{\"brdf\":\"_brdf_integrator\",\"env\":\"Japan_alley.hdre\",\"env_1\":\"_prem_0_Japan_alley.hdre\",\"env_2\":\"_prem_1_Japan_alley.hdre\",\"env_3\":\"_prem_2_Japan_alley.hdre\",\"env_4\":\"_prem_3_Japan_alley.hdre\",\"env_5\":\"_prem_4_Japan_alley.hdre\"},\"flags\":{\"visible\":true,\"collides\":true},