{"uid":"3c22fe87-7d7e-edf4-f17a","e":"studio.hdre","blur_samples":4096,"selected_radius":1,"background":[0.20000000298023224,0.20000000298023224,0.20000000298023224,1],"controller":{"eye":[-0.49439674615859985,2.1998131275177,5.817633628845215],"target":[-0.00007301568984985352,0.010396480560302734,-0.005568981170654297],"far":10000,"near":0.35,"m_speed":0.25,"w_speed":0.05},"descriptor":"","uniforms":{"u_view":[0.9964163303375244,0.029674164950847626,-0.0792083889245987,0,0,0.9364417791366577,0.3508230447769165,0,0.08458442240953445,-0.3495658040046692,0.9330858588218689,0,0.0005438030930235982,-0.011680257506668568,-6.239257335662842,1],"u_viewprojection":[1.236446499824524,0.0716397762298584,0.0792139321565628,0.0792083889245987,0,2.260770559310913,-0.35084760189056396,-0.3508230447769165,0.10496025532484055,-0.8439265489578247,-0.933151125907898,-0.9330858588218689,0.0006748017040081322,-0.028198637068271637,5.539669513702393,6.239257335662842],"u_model":[1,0,0,0,0,1,0,0,0,0,1,0,0,0,0,1],"u_mvp":[1.236446499824524,0.0716397762298584,0.0792139321565628,0.0792083889245987,0,2.260770559310913,-0.35084760189056396,-0.3508230447769165,0.10496025532484055,-0.8439265489578247,-0.933151125907898,-0.9330858588218689,0.0006748017040081322,-0.028198637068271637,5.539669513702393,6.239257335662842],"u_global_alpha_clip":0,"u_near":0.35,"u_far":10000,"u_rotation":0,"u_exposure":0,"u_offset":0,"u_channel":0,"u_enable_ao":true,"u_correctAlbedo":true,"u_ibl_intensity":1,"u_albedo":[1,1,1],"u_SunPos":0.4,"u_SunIntensity":22,"u_MieDirection":0.76,"u_originOffset":0,"u_MieCoeff":21,"u_light_position":[0,1.781,2.294],"u_light_color":[1,0.020000000000000018,0.37933333333333386],"u_light_intensity":3.8867878464033017,"u_viewport":[0,0,1572,808],"u_camera_position":[-0.49439674615859985,2.1998131275177,5.817633628845215],"u_time":66.9270000000106,"u_Brightness":0.01,"u_maxLum":14.006736404017397,"u_logMean":0.00791634000528678},"components":{"ScreenFX":{"_exposure":0,"_offset":0,"glow_enable":false,"glow_intensity":1,"glow_threshold":25,"glow_iterations":8,"fxaa":true,"tonemapping":"Logarithmic"},"Light":{"_position":[0,1.781,2.294],"_color":[1,0.020000000000000018,0.37933333333333386],"_intensity":3.8867878464033017}},"hasLight":true,"nodes":["{\"_uid\":4,\"_id\":null,\"_position\":[0,0,0],\"_rotation\":[0,0,0,1],\"_scale\":[1,1,1],\"_local_matrix\":[1,0,0,0,0,1,0,0,0,0,1,0,0,0,0,1],\"_global_matrix\":[1,0,0,0,0,1,0,0,0,0,1,0,0,0,0,1],\"_must_update_matrix\":false,\"_bounding_box\":null,\"render_priority\":30,\"blend_mode\":0,\"layers\":3,\"_color\":[1,1,1,1],\"_uniforms\":{\"u_color\":[1,1,1,1],\"u_color_texture\":0},\"primitive\":4,\"draw_range\":null,\"onRender\":null,\"onShaderUniforms\":null,\"shader\":\"skybox\",\"mesh\":\"cube\",\"textures\":{},\"flags\":{\"visible\":true,\"collides\":true,\"depth_test\":false,\"flip_normals\":true},\"children\":[],\"name\":\"cubemap\"}","{\"_uid\":5,\"_id\":null,\"_position\":[0,0,0],\"_rotation\":[0,0,0,1],\"_scale\":[1,1,1],\"_local_matrix\":[1,0,0,0,0,1,0,0,0,0,1,0,0,0,0,1],\"_global_matrix\":[1,0,0,0,0,1,0,0,0,0,1,0,0,0,0,1],\"_must_update_matrix\":false,\"_bounding_box\":null,\"render_priority\":30,\"blend_mode\":0,\"layers\":3,\"_color\":[1,1,1,1],\"_uniforms\":{\"u_color\":[1,1,1,1],\"u_color_texture\":0},\"primitive\":4,\"draw_range\":null,\"onRender\":null,\"onShaderUniforms\":null,\"shader\":\"skybox\",\"mesh\":\"cube\",\"textures\":{\"brdf\":\"_brdf_integrator\",\"env\":\"studio.hdre\",\"env_1\":\"_prem_0_studio.hdre\",\"env_2\":\"_prem_1_studio.hdre\",\"env_3\":\"_prem_2_studio.hdre\",\"env_4\":\"_prem_3_studio.hdre\",\"env_5\":\"_prem_4_studio.hdre\",\"color\":\"studio.hdre\"},\"flags\":{\"visible\":true,\"collides\":true,\"depth_test\":false,\"flip_normals\":true},\"children\":[],\"name\":\"cubemap\"}","{\"_uid\":6,\"_id\":null,\"_position\":[0,0,0],\"_rotation\":[0,0,0,1],\"_scale\":[1,1,1],\"_local_matrix\":[1,0,0,0,0,1,0,0,0,0,1,0,0,0,0,1],\"_global_matrix\":[1,0,0,0,0,1,0,0,0,0,1,0,0,0,0,1],\"_must_update_matrix\":false,\"_bounding_box\":null,\"render_priority\":10,\"blend_mode\":1,\"layers\":3,\"_color\":[1,1,1,1],\"_uniforms\":{\"u_color\":[1,1,1,1],\"u_color_texture\":0,\"u_isEmissive\":false,\"u_hasAlpha\":false,\"u_hasAO\":true,\"u_hasBump\":false,\"u_ao_texture\":4,\"u_brdf_texture\":5,\"u_env_texture\":6,\"u_env_1_texture\":7,\"u_env_2_texture\":8,\"u_env_3_texture\":9,\"u_env_4_texture\":10,\"u_env_5_texture\":11,\"u_metalness_texture\":0,\"u_roughness_texture\":1,\"u_albedo_texture\":2,\"u_normal_texture\":3},\"primitive\":4,\"draw_range\":null,\"onRender\":null,\"onShaderUniforms\":null,\"shader\":\"pbr\",\"mesh\":\"assets/Golden/golden.obj\",\"textures\":{\"metalness\":\"assets/Golden/metalness.png\",\"roughness\":\"assets/Golden/roughness.png\",\"albedo\":\"assets/Golden/albedo.png\",\"normal\":\"assets/Golden/normal.png\",\"ao\":\"assets/Golden/ao.png\",\"brdf\":\"_brdf_integrator\",\"env\":\"studio.hdre\",\"env_1\":\"_prem_0_studio.hdre\",\"env_2\":\"_prem_1_studio.hdre\",\"env_3\":\"_prem_2_studio.hdre\",\"env_4\":\"_prem_3_studio.hdre\",\"env_5\":\"_prem_4_studio.hdre\"},\"flags\":{\"visible\":true,\"collides\":true},\"children\":[],\"name\":\"node-ba60-9ee7\",\"rots\":[0,0,0]}","{\"_uid\":7,\"_id\":null,\"_position\":[0,0,0],\"_rotation\":[0,0,0,1],\"_scale\":[1,1,1],\"_local_matrix\":[1,0,0,0,0,1,0,0,0,0,1,0,0,0,0,1],\"_global_matrix\":[1,0,0,0,0,1,0,0,0,0,1,0,0,0,0,1],\"_must_update_matrix\":false,\"_bounding_box\":null,\"render_priority\":20,\"blend_mode\":0,\"layers\":3,\"_color\":[1,1,1,1],\"_uniforms\":{\"u_color\":[1,1,1,1],\"u_color_texture\":0},\"primitive\":4,\"draw_range\":null,\"onRender\":null,\"onShaderUniforms\":null,\"shader\":null,\"mesh\":\"sphere\",\"textures\":{\"brdf\":\"_brdf_integrator\",\"env\":\"studio.hdre\",\"env_1\":\"_prem_0_studio.hdre\",\"env_2\":\"_prem_1_studio.hdre\",\"env_3\":\"_prem_2_studio.hdre\",\"env_4\":\"_prem_3_studio.hdre\",\"env_5\":\"_prem_4_studio.hdre\"},\"flags\":{\"visible\":true,\"collides\":true},\"children\":[],\"name\":\"light\"}"]}