{"uid":"c166e065-eebb-d4e2-dd70","e":"grace_probe_clamped.hdre","blur_samples":4096,"selected_radius":1,"background":[0.20000000298023224,0.20000000298023224,0.20000000298023224,1],"controller":{"eye":[-2.047400712966919,1.4515321254730225,4.506475448608398],"target":[0.0001424849033355713,0.9430115222930908,0.012118995189666748],"far":10000,"near":0.35,"m_speed":0.25,"w_speed":0.05},"descriptor":"","uniforms":{"u_view":[0.9100111722946167,0.04246293753385544,-0.4124034345149994,0,0,0.994740903377533,0.1024230569601059,0,0.4145837426185608,-0.09320612996816635,0.9052253365516663,0,-0.005154001526534557,-0.9369286298751831,-5.07240104675293,1],"u_viewprojection":[1.2506951093673706,0.1025146022439003,0.4124322831630707,0.4124034345149994,0,2.401517152786255,-0.10243022441864014,-0.1024230569601059,0.5697928071022034,-0.22501951456069946,-0.9052886962890625,-0.9052253365516663,-0.007083522155880928,-2.261945962905884,4.372731685638428,5.07240104675293],"u_model":[1,0,0,0,0,1,0,0,0,0,1,0,0,0,0,1],"u_mvp":[1.2506951093673706,0.1025146022439003,0.4124322831630707,0.4124034345149994,0,2.401517152786255,-0.10243022441864014,-0.1024230569601059,0.5697928071022034,-0.22501951456069946,-0.9052886962890625,-0.9052253365516663,-0.007083522155880928,-2.261945962905884,4.372731685638428,5.07240104675293],"u_global_alpha_clip":0,"u_viewport":[0,0,1732,986],"u_rotation":0,"u_tonemapping":2,"u_exposure":0,"u_offset":0,"u_channel":0,"u_enable_ao":true,"u_correctAlbedo":true,"u_ibl_intensity":1,"u_albedo":[1,1,1],"u_near":0.35,"u_far":10000,"u_SunPos":0.4,"u_SunIntensity":22,"u_MieDirection":0.76,"u_originOffset":0,"u_MieCoeff":21,"u_camera_position":[-2.047400712966919,1.4515321254730225,4.506475448608398],"u_time":116.4945000000298},"components":{"FX":{"_exposure":0,"_offset":0,"_glow_enable":true,"_glow_intensity":1,"_glow_threshold":25,"_glow_iterations":8,"_tonemapping":"Uncharted2","_n_tonemapping":2,"exposure":0,"offset":0,"glow_enable":true,"glow_intensity":1,"glow_threshold":25,"glow_iterations":8,"tonemapping":"Uncharted2","n_tonemapping":2},"LIGHT":{"_position":[1,5,1],"_color":[1,1,1],"_intensity":0,"color":[1,1,1],"position":[1,5,1],"intensity":0}},"hasLight":false,"nodes":["{\"_uid\":9,\"_id\":null,\"_position\":[0,0,0],\"_rotation\":[0,0,0,1],\"_scale\":[1,1,1],\"_local_matrix\":[1,0,0,0,0,1,0,0,0,0,1,0,0,0,0,1],\"_global_matrix\":[1,0,0,0,0,1,0,0,0,0,1,0,0,0,0,1],\"_must_update_matrix\":false,\"_bounding_box\":null,\"render_priority\":30,\"blend_mode\":0,\"layers\":3,\"_color\":[1,1,1,1],\"_uniforms\":{\"u_color\":[1,1,1,1],\"u_color_texture\":0},\"primitive\":4,\"draw_range\":null,\"onRender\":null,\"onShaderUniforms\":null,\"shader\":\"skyboxExpo\",\"mesh\":\"cube\",\"textures\":{},\"flags\":{\"visible\":true,\"collides\":true,\"depth_test\":false,\"flip_normals\":true},\"children\":[],\"name\":\"cubemap\"}","{\"_uid\":10,\"_id\":null,\"_position\":[0,0,0],\"_rotation\":[0,0,0,1],\"_scale\":[1,1,1],\"_local_matrix\":[1,0,0,0,0,1,0,0,0,0,1,0,0,0,0,1],\"_global_matrix\":[1,0,0,0,0,1,0,0,0,0,1,0,0,0,0,1],\"_must_update_matrix\":false,\"_bounding_box\":null,\"render_priority\":20,\"blend_mode\":0,\"layers\":3,\"_color\":[1,1,1,1],\"_uniforms\":{\"u_color\":[1,1,1,1],\"u_color_texture\":0},\"primitive\":1,\"draw_range\":null,\"onRender\":null,\"onShaderUniforms\":null,\"shader\":null,\"mesh\":\"lines\",\"textures\":{\"brdf\":\"_brdf_integrator\",\"env\":\"grace_probe_clamped.hdre\",\"env_1\":\"_prem_0_grace_probe_clamped.hdre\",\"env_2\":\"_prem_1_grace_probe_clamped.hdre\",\"env_3\":\"_prem_2_grace_probe_clamped.hdre\",\"env_4\":\"_prem_3_grace_probe_clamped.hdre\",\"env_5\":\"_prem_4_grace_probe_clamped.hdre\"},\"flags\":{\"visible\":true,\"collides\":true,\"ignore_collisions\":true},\"children\":[],\"name\":\"lines\"}","{\"_uid\":11,\"_id\":null,\"_position\":[0,0,0],\"_rotation\":[0,0,0,1],\"_scale\":[1,1,1],\"_local_matrix\":[1,0,0,0,0,1,0,0,0,0,1,0,0,0,0,1],\"_global_matrix\":[1,0,0,0,0,1,0,0,0,0,1,0,0,0,0,1],\"_must_update_matrix\":false,\"_bounding_box\":null,\"render_priority\":20,\"blend_mode\":0,\"layers\":3,\"_color\":[1,1,1,1],\"_uniforms\":{\"u_color\":[1,1,1,1],\"u_color_texture\":0},\"primitive\":1,\"draw_range\":null,\"onRender\":null,\"onShaderUniforms\":null,\"shader\":null,\"mesh\":\"lines\",\"textures\":{\"brdf\":\"_brdf_integrator\",\"env\":\"grace_probe_clamped.hdre\",\"env_1\":\"_prem_0_grace_probe_clamped.hdre\",\"env_2\":\"_prem_1_grace_probe_clamped.hdre\",\"env_3\":\"_prem_2_grace_probe_clamped.hdre\",\"env_4\":\"_prem_3_grace_probe_clamped.hdre\",\"env_5\":\"_prem_4_grace_probe_clamped.hdre\"},\"flags\":{\"visible\":true,\"collides\":true,\"ignore_collisions\":true},\"children\":[],\"name\":\"lines\"}","{\"_uid\":12,\"_id\":null,\"_position\":[0,0,0],\"_rotation\":[0,0,0,1],\"_scale\":[1,1,1],\"_local_matrix\":[1,0,0,0,0,1,0,0,0,0,1,0,0,0,0,1],\"_global_matrix\":[1,0,0,0,0,1,0,0,0,0,1,0,0,0,0,1],\"_must_update_matrix\":false,\"_bounding_box\":null,\"render_priority\":10,\"blend_mode\":1,\"layers\":3,\"_color\":[1,1,1,1],\"_uniforms\":{\"u_color\":[1,1,1,1],\"u_color_texture\":0},\"primitive\":4,\"draw_range\":null,\"onRender\":null,\"onShaderUniforms\":null,\"shader\":\"pbr\",\"mesh\":\"assets/IronMan/helmet/helmet.obj\",\"textures\":{\"metalness\":\"assets/IronMan/helmet/metalness.png\",\"roughness\":\"assets/IronMan/helmet/roughness.png\",\"albedo\":\"assets/IronMan/helmet/albedo.png\",\"normal\":\"assets/IronMan/helmet/normal.png\",\"ao\":\"assets/IronMan/helmet/ao.png\",\"emissive\":\"assets/IronMan/helmet/emissive.png\",\"brdf\":\"_brdf_integrator\",\"env\":\"grace_probe_clamped.hdre\",\"env_1\":\"_prem_0_grace_probe_clamped.hdre\",\"env_2\":\"_prem_1_grace_probe_clamped.hdre\",\"env_3\":\"_prem_2_grace_probe_clamped.hdre\",\"env_4\":\"_prem_3_grace_probe_clamped.hdre\",\"env_5\":\"_prem_4_grace_probe_clamped.hdre\"},\"flags\":{\"visible\":true,\"collides\":true},\"children\":[],\"name\":\"node-a155-d360\"}","{\"_uid\":13,\"_id\":null,\"_position\":[0,0,0],\"_rotation\":[0,0,0,1],\"_scale\":[1,1,1],\"_local_matrix\":[1,0,0,0,0,1,0,0,0,0,1,0,0,0,0,1],\"_global_matrix\":[1,0,0,0,0,1,0,0,0,0,1,0,0,0,0,1],\"_must_update_matrix\":false,\"_bounding_box\":null,\"render_priority\":10,\"blend_mode\":1,\"layers\":3,\"_color\":[1,1,1,1],\"_uniforms\":{\"u_color\":[1,1,1,1],\"u_color_texture\":0},\"primitive\":4,\"draw_range\":null,\"onRender\":null,\"onShaderUniforms\":null,\"shader\":\"pbr\",\"mesh\":\"assets/IronMan/base/base.obj\",\"textures\":{\"metalness\":\"assets/IronMan/base/metalness.png\",\"roughness\":\"assets/IronMan/base/roughness.png\",\"albedo\":\"assets/IronMan/base/albedo.png\",\"normal\":\"assets/IronMan/base/normal.png\",\"ao\":\"assets/IronMan/base/ao.png\",\"brdf\":\"_brdf_integrator\",\"env\":\"grace_probe_clamped.hdre\",\"env_1\":\"_prem_0_grace_probe_clamped.hdre\",\"env_2\":\"_prem_1_grace_probe_clamped.hdre\",\"env_3\":\"_prem_2_grace_probe_clamped.hdre\",\"env_4\":\"_prem_3_grace_probe_clamped.hdre\",\"env_5\":\"_prem_4_grace_probe_clamped.hdre\"},\"flags\":{\"visible\":true,\"collides\":true},\"children\":[],\"name\":\"node-bc60-05ce\"}","{\"_uid\":14,\"_id\":null,\"_position\":[0,0,0],\"_rotation\":[0,0,0,1],\"_scale\":[1,1,1],\"_local_matrix\":[1,0,0,0,0,1,0,0,0,0,1,0,0,0,0,1],\"_global_matrix\":[1,0,0,0,0,1,0,0,0,0,1,0,0,0,0,1],\"_must_update_matrix\":false,\"_bounding_box\":null,\"render_priority\":20,\"blend_mode\":0,\"layers\":3,\"_color\":[1,1,1,1],\"_uniforms\":{\"u_color\":[1,1,1,1],\"u_color_texture\":0},\"primitive\":1,\"draw_range\":null,\"onRender\":null,\"onShaderUniforms\":null,\"shader\":null,\"mesh\":\"lines\",\"textures\":{},\"flags\":{\"visible\":true,\"collides\":true,\"ignore_collisions\":true},\"children\":[],\"name\":\"lines\"}"]}