{"uid":"1bd48a92-cb18-5a33-2ea5","e":"uffizi_probe.hdre","blur_samples":4096,"selected_radius":1,"background":[0.20000000298023224,0.20000000298023224,0.20000000298023224,1],"controller":{"eye":[-4.178005218505859,5.472899913787842,-7.87677001953125],"target":[7,0,7],"far":10000,"near":0.35,"m_speed":0.25,"w_speed":0.05},"descriptor":"","uniforms":{"u_view":[-0.7994727492332458,0.1694948971271515,-0.5762940049171448,0,0,0.9593669772148132,0.2821612060070038,0,0.6007023453712463,0.22558020055294037,-0.7669878005981445,0,1.3913928270339966,-2.7655255794525146,-9.993386268615723,1],"u_viewprojection":[-1.0987739562988281,0.4091968834400177,0.5763343572616577,0.5762940049171448,0,2.3161168098449707,-0.2821809649467468,-0.2821612060070038,0.8255892992019653,0.5445988178253174,0.7670414447784424,0.7669878005981445,1.9122931957244873,-6.67656946182251,9.294060707092285,9.993386268615723],"u_model":[1,0,0,0,0,1,0,0,0,0,1,0,15,0,15,1],"u_mvp":[-1.0987739562988281,0.4091968834400177,0.5763343572616577,0.5762940049171448,0,2.3161168098449707,-0.2821809649467468,-0.2821612060070038,0.8255892992019653,0.5445988178253174,0.7670414447784424,0.7669878005981445,-2.185476779937744,7.63036584854126,29.444698333740234,30.14261245727539],"u_global_alpha_clip":0,"u_viewport":[0,0,1732,986],"u_rotation":0,"u_tonemapping":2,"u_exposure":0,"u_offset":0,"u_channel":0,"u_enable_ao":true,"u_correctAlbedo":true,"u_ibl_intensity":0,"u_albedo":[1,0.9800000190734863,0.9800000190734863],"u_near":0.35,"u_far":10000,"u_SunPos":0.4,"u_SunIntensity":22,"u_MieDirection":0.76,"u_originOffset":0,"u_MieCoeff":21,"u_camera_position":[-4.178005218505859,5.472899913787842,-7.87677001953125],"u_time":41.413899999985006,"u_light_position":[10,30,10],"u_light_intensity":3.67816091954023,"u_light_color":[1,1,1]},"components":{"FX":{"_exposure":0,"_offset":0,"_glow_enable":false,"_glow_intensity":1,"_glow_threshold":25,"_glow_iterations":8,"_tonemapping":"Uncharted2","_n_tonemapping":2,"exposure":0,"offset":0,"glow_enable":false,"glow_intensity":1,"glow_threshold":25,"glow_iterations":8,"tonemapping":"Uncharted2","n_tonemapping":2},"LIGHT":{"_position":[10,30,10],"_color":[1,1,1],"_intensity":3.67816091954023,"color":[1,1,1],"position":[10,30,10],"intensity":3.67816091954023}},"hasLight":true,"nodes":["{\"_uid\":53,\"_id\":null,\"_position\":[0,0,0],\"_rotation\":[0,0,0,1],\"_scale\":[1,1,1],\"_local_matrix\":[1,0,0,0,0,1,0,0,0,0,1,0,0,0,0,1],\"_global_matrix\":[1,0,0,0,0,1,0,0,0,0,1,0,0,0,0,1],\"_must_update_matrix\":false,\"_bounding_box\":null,\"render_priority\":30,\"blend_mode\":0,\"layers\":3,\"_color\":[1,1,1,1],\"_uniforms\":{\"u_color\":[1,1,1,1],\"u_color_texture\":0},\"primitive\":4,\"draw_range\":null,\"onRender\":null,\"onShaderUniforms\":null,\"shader\":\"skyboxExpo\",\"mesh\":\"cube\",\"textures\":{},\"flags\":{\"visible\":false,\"collides\":true,\"depth_test\":false,\"flip_normals\":true},\"children\":[],\"name\":\"cubemap\"}","{\"_uid\":54,\"_id\":null,\"_position\":[0,0,0],\"_rotation\":[0,0,0,1],\"_scale\":[1,1,1],\"_local_matrix\":[1,0,0,0,0,1,0,0,0,0,1,0,0,0,0,1],\"_global_matrix\":[1,0,0,0,0,1,0,0,0,0,1,0,0,0,0,1],\"_must_update_matrix\":false,\"_bounding_box\":null,\"render_priority\":20,\"blend_mode\":0,\"layers\":3,\"_color\":[1,1,1,1],\"_uniforms\":{\"u_color\":[1,1,1,1],\"u_color_texture\":0},\"primitive\":4,\"draw_range\":null,\"onRender\":null,\"onShaderUniforms\":null,\"shader\":null,\"mesh\":\"sphere\",\"textures\":{\"brdf\":\"_brdf_integrator\",\"env\":\"uffizi_probe.hdre\",\"env_1\":\"_prem_0_uffizi_probe.hdre\",\"env_2\":\"_prem_1_uffizi_probe.hdre\",\"env_3\":\"_prem_2_uffizi_probe.hdre\",\"env_4\":\"_prem_3_uffizi_probe.hdre\",\"env_5\":\"_prem_4_uffizi_probe.hdre\"},\"flags\":{\"visible\":true,\"collides\":true},\"children\":[],\"name\":\"light\"}","{\"_uid\":55,\"_id\":null,\"_position\":[0,0,0],\"_rotation\":[0,0,0,1],\"_scale\":[1,1,1],\"_local_matrix\":[1,0,0,0,0,1,0,0,0,0,1,0,0,0,0,1],\"_global_matrix\":[1,0,0,0,0,1,0,0,0,0,1,0,0,0,0,1],\"_must_update_matrix\":false,\"_bounding_box\":null,\"render_priority\":20,\"blend_mode\":0,\"layers\":3,\"_color\":[1,1,1,1],\"_uniforms\":{\"u_color\":[1,1,1,1],\"u_color_texture\":0},\"primitive\":4,\"draw_range\":null,\"onRender\":null,\"onShaderUniforms\":null,\"shader\":null,\"mesh\":null,\"textures\":{\"brdf\":\"_brdf_integrator\",\"env\":\"uffizi_probe.hdre\",\"env_1\":\"_prem_0_uffizi_probe.hdre\",\"env_2\":\"_prem_1_uffizi_probe.hdre\",\"env_3\":\"_prem_2_uffizi_probe.hdre\",\"env_4\":\"_prem_3_uffizi_probe.hdre\",\"env_5\":\"_prem_4_uffizi_probe.hdre\"},\"flags\":{\"visible\":true,\"collides\":true},\"children\":[],\"name\":\"matrix_node\"}"]}