{"_uid":"952f5104-42f2-b766-d77e","_descriptor":"","_environment":"venice_sunrise.hdre","_environment_set":{"name":"Venice","path":"textures/hdre/venice_sunrise.hdre"},"_blur_samplesblur_samples":4096,"_background_color":[0.20000000298023224,0.20000000298023224,0.20000000298023224,1],"selected_radius":1,"controller":{"camera":"{\"type\":1,\"_position\":[-5.802815914154053,9.30550765991211,-12.017767906188965],\"_target\":[7,0,7],\"_up\":[0,1,0],\"near\":0.35,\"far\":10000,\"aspect\":1.718052738336714,\"fov\":45,\"frustum_size\":50,\"flip_y\":false,\"_view_matrix\":[-0.8295393586158752,0.21003101766109467,-0.5174470543861389,0,0,0.9265800714492798,0.37609753012657166,0,0.5584482550621033,0.3119876980781555,-0.7686346173286438,0,1.8976376056671143,-3.6541309356689453,-15.739701271057129,1],\"_projection_matrix\":[1.4052034616470337,0,0,0,0,2.4142136573791504,0,0,0,0,-1.0000699758529663,-1,0,0,-0.7000244855880737,0],\"_viewprojection_matrix\":[-1.1656715869903564,0.5070597529411316,0.5174832344055176,0.5174470543861389,0,2.23696231842041,-0.37612384557724,-0.37609753012657166,0.7847334146499634,0.7532049417495728,0.7686883807182312,0.7686346173286438,2.666566848754883,-8.821852684020996,15.040778160095215,15.739701271057129],\"_model_matrix\":[-0.8295393586158752,-4.488172500316523e-9,0.558448314666748,0,0.21003101766109467,0.9265800714492798,0.3119876980781555,0,-0.5174470543861389,0.37609753012657166,-0.7686346769332886,0,-5.802815914154053,9.30550765991211,-12.017767906188965,1],\"_autoupdate_matrices\":true,\"_must_update_matrix\":false,\"_top\":[0.21003101766109467,0.9265800714492798,0.3119876980781555],\"_right\":[-0.8295393586158752,-4.488172500316523e-9,0.558448314666748],\"_front\":[0.5174470543861389,-0.37609753012657166,0.7686346769332886],\"distance\":24.74227281948993,\"_planes_data\":[0.9758895635604858,-0.21806523203849792,-0.009334249421954155,7.5799384117126465,-0.3758472800254822,-0.21806523203849792,0.9006588459014893,10.672144889831543,0.3920617699623108,0.7121220827102661,0.5823827981948853,2.647346019744873,0.003975048195570707,-0.9999746680259705,0.005904681049287319,9.399299621582031,-0.5172799229621887,0.3762423098087311,-0.7686762809753418,9992.77734375,0.5174470543861389,-0.37609753012657166,0.7686346173286438,15.389701843261719],\"_frustrum_planes\":[[0.9758895635604858,-0.21806523203849792,-0.009334249421954155,7.5799384117126465],[-0.3758472800254822,-0.21806523203849792,0.9006588459014893,10.672144889831543],[0.3920617699623108,0.7121220827102661,0.5823827981948853,2.647346019744873],[0.003975048195570707,-0.9999746680259705,0.005904681049287319,9.399299621582031],[-0.5172799229621887,0.3762423098087311,-0.7686762809753418,9992.77734375],[0.5174470543861389,-0.37609753012657166,0.7686346173286438,15.389701843261719]]}","m_speed":0.25,"w_speed":0.5},"uniforms":{"u_view":[-0.8295393586158752,0.21003101766109467,-0.5174470543861389,0,0,0.9265800714492798,0.37609753012657166,0,0.5584482550621033,0.3119876980781555,-0.7686346173286438,0,1.8976376056671143,-3.6541309356689453,-15.739701271057129,1],"u_viewprojection":[-1.1656715869903564,0.5070597529411316,0.5174832344055176,0.5174470543861389,0,2.23696231842041,-0.37612384557724,-0.37609753012657166,0.7847334146499634,0.7532049417495728,0.7686883807182312,0.7686346173286438,2.666566848754883,-8.821852684020996,15.040778160095215,15.739701271057129],"u_model":[0.05000000074505806,0,0,0,0,0.05000000074505806,0,0,0,0,0.05000000074505806,0,-2.0769999027252197,6.744999885559082,1.4930000305175781,1],"u_mvp":[-0.05828357860445976,0.02535298839211464,0.02587416209280491,0.025872353464365005,0,0.11184811592102051,-0.01880619302392006,-0.018804876133799553,0.03923667222261429,0.03766024857759476,0.03843441978096962,0.03843173012137413,6.259273529052734,6.337830066680908,12.576662063598633,13.275757789611816],"u_global_alpha_clip":0,"u_near":0.35,"u_far":10000,"u_rotation":0,"u_exposure":0,"u_offset":0,"u_channel":0,"u_enable_ao":true,"u_correctAlbedo":true,"u_ibl_intensity":0,"u_albedo":[1,1,1],"u_radius":16,"u_enableSSAO":true,"u_outputChannel":0,"u_SunPos":0.4,"u_SunIntensity":22,"u_MieDirection":0.76,"u_originOffset":0,"u_MieCoeff":21,