{"_uid":"d554c7e9-ac35-46e2-a0a9","_descriptor":"","_environment":"stpeters_probe.hdre","_environment_set":{"path":"textures/hdre/stpeters_probe.hdre","name":"Stpeters Probe","filesize":8.4},"_blur_samples":4096,"_background_color":[0.20000000298023224,0.20000000298023224,0.20000000298023224,1],"selected_radius":129.15414428710938,"controller":{"camera":"{\"type\":1,\"_position\":[352.0472412109375,88.46068572998047,65.45062255859375],\"_target\":[1.3388481140136719,2.782299041748047,5.631649017333984],\"_up\":[0,1,0],\"near\":0.35,\"far\":10000,\"aspect\":1.718052738336714,\"fov\":45,\"frustum_size\":50,\"flip_y\":false,\"_view_matrix\":[0.16813786327838898,-0.2307961881160736,0.9583646655082703,0,0,0.9722054600715637,0.23412936925888062,0,-0.9857634902000427,-0.039366014301776886,0.16346454620361328,0,5.3263630867004395,-2.174269676208496,-368.7997131347656,1],\"_projection_matrix\":[1.4052034616470337,0,0,0,0,2.4142136573791504,0,0,0,0,-1.0000699758529663,-1,0,0,-0.7000244855880737,0],\"_viewprojection_matrix\":[0.23626790940761566,-0.5571913123130798,-0.9584317207336426,-0.9583646655082703,0,2.347111701965332,-0.23414574563503265,-0.23412936925888062,-1.3851982355117798,-0.09503796696662903,-0.16347599029541016,-0.16346454620361328,7.484623908996582,-5.249151706695557,368.12548828125,368.7997131347656],\"_model_matrix\":[0.16813786327838898,-2.972798451850167e-9,-0.9857634902000427,0,-0.23079617321491241,0.9722054600715637,-0.03936601057648659,0,0.9583646059036255,0.23412936925888062,0.16346454620361328,0,352.0472106933594,88.46067810058594,65.45061492919922,1],\"_autoupdate_matrices\":true,\"_must_update_matrix\":false,\"_top\":[-0.23079617321491241,0.9722054600715637,-0.03936601057648659],\"_right\":[0.16813786327838898,-2.972798451850167e-9,-0.9857634902000427],\"_front\":[-0.9583646059036255,-0.23412936925888062,-0.16346454620361328],\"distance\":365.94463041511443,\"_planes_data\":[-0.6926602721214294,-0.1357506364583969,0.7083738446235657,209.49423217773438,-0.4186791479587555,-0.1357506364583969,-0.8979306817054749,218.17355346679688,-0.5799781680107117,0.8086032867431641,-0.09892462939023972,139.12477111816406,-0.15352238714694977,-0.9877981543540955,-0.026185715571045876,143.1422882080078,0.9583664536476135,0.23405438661575317,0.16356121003627777,9636.154296875,-0.9583646655082703,-0.23412935435771942,-0.16346454620361328,368.4496765136719],\"_frustrum_planes\":[[-0.6926602721214294,-0.1357506364583969,0.7083738446235657,209.49423217773438],[-0.4186791479587555,-0.1357506364583969,-0.8979306817054749,218.17355346679688],[-0.5799781680107117,0.8086032867431641,-0.09892462939023972,139.12477111816406],[-0.15352238714694977,-0.9877981543540955,-0.026185715571045876,143.1422882080078],[0.9583664536476135,0.23405438661575317,0.16356121003627777,9636.154296875],[-0.9583646655082703,-0.23412935435771942,-0.16346454620361328,368.4496765136719]]}","m_speed":0.25,"w_speed":0.5},"uniforms":{"u_view":[0.16813786327838898,-0.2307961881160736,0.9583646655082703,0,0,0.9722054600715637,0.23412936925888062,0,-0.9857634902000427,-0.039366014301776886,0.16346454620361328,0,5.3263630867004395,-2.174269676208496,-368.7997131347656,1],"u_viewprojection":[0.23626790940761566,-0.5571913123130798,-0.9584317207336426,-0.9583646655082703,0,2.347111701965332,-0.23414574563503265,-0.23412936925888062,-1.3851982355117798,-0.09503796696662903,-0.16347599029541016,-0.16346454620361328,7.484623908996582,-5.249151706695557,368.12548828125,368.7997131347656],"u_model":[1,0,0,0,0,1,0,0,0,0,1,0,0,0,0,1],"u_mvp":[0.23626790940761566,-0.5571913123130798,-0.9584317207336426,-0.9583646655082703,0,2.347111701965332,-0.23414574563503265,-0.23412936925888062,-1.3851982355117798,-0.09503796696662903,-0.16347599029541016,-0.16346454620361328,7.484623908996582,-5.249151706695557,368.12548828125,368.7997131347656],"u_global_alpha_clip":0,"u_near":0.35,"u_far":10000,"u_rotation":0,"u_exposure":0,"u_offset":0,"u_channel":0,"u_enable_ao":true,"u_correctAlbedo":true,"u_ibl_intensity":1,"u_albedo":[1,1,1],"u_radius":16,"u_enableSSAO":true,"u_outputChannel":0,"u_SunPos":0.4,"u_SunIntensity":22,"u_MieDirection":0.76,"u_originOffset":0,"u_MieCoeff":21,