{"_uid":"dd836737-fe3f-ccdf-23da","_descriptor":"","_environment":"white_furnace.hdre","_environment_set":{"path":"textures/hdre/white_furnace.hdre","name":"White Furnace","filesize":8.4},"_blur_samples":4096,"_background_color":[0.20000000298023224,0.20000000298023224,0.20000000298023224,1],"selected_radius":1,"controller":{"camera":"{\"type\":1,\"_position\":[-0.7055368423461914,-0.35900408029556274,-15.77790355682373],\"_target\":[0,0,0],\"_up\":[0,1,0],\"near\":0.35,\"far\":10000,\"aspect\":1.718052738336714,\"fov\":45,\"frustum_size\":50,\"flip_y\":false,\"_view_matrix\":[-0.999001681804657,-0.0010151746682822704,-0.04466059058904648,0,0,0.9997417330741882,-0.02272501401603222,0,0.044672127813100815,-0.022702326998114586,-0.9987437129020691,0,-1.1102230246251565e-16,-5.551115123125783e-17,-15.797750473022461,1],\"_projection_matrix\":[1.4052034616470337,0,0,0,0,2.4142136573791504,0,0,0,0,-1.0000699758529663,-1,0,0,-0.7000244855880737,0],\"_viewprojection_matrix\":[-1.4038006067276,-0.002450848463922739,0.04466371610760689,0.04466059058904648,0,2.4135901927948,0.022726604714989662,0.02272501401603222,0.06277342885732651,-0.05480826646089554,0.9988136291503906,0.9987437129020691,-1.56008923740351e-16,-1.3401577943934209e-16,15.098831176757812,15.797750473022461],\"_model_matrix\":[-0.9990017414093018,1.4037091801422097e-11,0.044672127813100815,0,-0.0010151747846975923,0.999741792678833,-0.022702328860759735,0,-0.04466059058904648,-0.02272501401603222,-0.9987437129020691,0,-0.7055369019508362,-0.35900411009788513,-15.77790355682373,1],\"_autoupdate_matrices\":true,\"_must_update_matrix\":false,\"_top\":[-0.0010151747846975923,0.999741792678833,-0.022702328860759735],\"_right\":[-0.9990017414093018,1.4037091801422097e-11,0.044672127813100815],\"_front\":[0.04466059058904648,0.02272501401603222,0.9987437129020691],\"distance\":15.797750055435351,\"_planes_data\":[0.8398327827453613,0.013176198117434978,0.5426852703094482,9.159699440002441,-0.7880434393882751,0.013176198117434978,0.6154785752296448,9.159699440002441,0.016152966767549515,0.9323374629020691,0.36122843623161316,6.045536994934082,0.01802876777946949,-0.9149444699287415,0.4031769037246704,6.04553747177124,-0.044647619128227234,-0.022722924128174782,-0.9987443685531616,9983.9697265625,0.04466059058904648,0.02272501401603222,0.9987437129020691,15.447750091552734],\"_frustrum_planes\":[[0.8398327827453613,0.013176198117434978,0.5426852703094482,9.159699440002441],[-0.7880434393882751,0.013176198117434978,0.6154785752296448,9.159699440002441],[0.016152966767549515,0.9323374629020691,0.36122843623161316,6.045536994934082],[0.01802876777946949,-0.9149444699287415,0.4031769037246704,6.04553747177124],[-0.044647619128227234,-0.022722924128174782,-0.9987443685531616,9983.9697265625],[0.04466059058904648,0.02272501401603222,0.9987437129020691,15.447750091552734]]}","m_speed":0.25,"w_speed":0.5},"uniforms":{"u_view":[-0.999001681804657,-0.0010151746682822704,-0.04466059058904648,0,0,0.9997417330741882,-0.02272501401603222,0,0.044672127813100815,-0.022702326998114586,-0.9987437129020691,0,-1.1102230246251565e-16,-5.551115123125783e-17,-15.797750473022461,1],"u_viewprojection":[-1.4038006067276,-0.002450848463922739,0.04466371610760689,0.04466059058904648,0,2.4135901927948,0.022726604714989662,0.02272501401603222,0.06277342885732651,-0.05480826646089554,0.9988136291503906,0.9987437129020691,-1.56008923740351e-16,-1.3401577943934209e-16,15.098831176757812,15.797750473022461],"u_model":[1,0,0,0,0,1,0,0,0,0,1,0,-5,0,0,1],"u_mvp":[-1.4038006067276,-0.002450848463922739,0.04466371610760689,0.04466059058904648,0,2.4135901927948,0.022726604714989662,0.02272501401603222,0.06277342885732651,-0.05480826646089554,0.9988136291503906,0.9987437129020691,7.019002914428711,0.012254241853952408,14.87551212310791,15.574447631835938],"u_global_alpha_clip":0,"u_near":0.35,"u_far":10000,"u_rotation":0,"u_exposure":0,"u_offset":0,"u_channel":0,"u_enable_ao":true,"u_correctAlbedo":true,"u_ibl_intensity":1,"u_albedo":[1,1,1],"u_radius":16,"u_enableSSAO":true,"u_outputChannel":0,"u_SunPos":0.4,"u_SunIntensity":22,"u_MieDirection":0.76,"u_originOffset":0,"u_MieCoeff":21,